Valuation Date;A2 Folder Date;Unicalc Folder Date
02-Jan-19;03-Jan-19;02-Jan-19
03-Jan-19;04-Jan-19;03-Jan-19
04-Jan-19;07-Jan-19;04-Jan-19
07-Jan-19;08-Jan-19;07-Jan-19
08-Jan-19;09-Jan-19;08-Jan-19
09-Jan-19;10-Jan-19;09-Jan-19
10-Jan-19;11-Jan-19;10-Jan-19
11-Jan-19;14-Jan-19;11-Jan-19
14-Jan-19;15-Jan-19;14-Jan-19
15-Jan-19;16-Jan-19;15-Jan-19
16-Jan-19;17-Jan-19;16-Jan-19
17-Jan-19;18-Jan-19;17-Jan-19
18-Jan-19;21-Jan-19;18-Jan-19
21-Jan-19;22-Jan-19;21-Jan-19
22-Jan-19;23-Jan-19;22-Jan-19
23-Jan-19;24-Jan-19;23-Jan-19
24-Jan-19;25-Jan-19;24-Jan-19
25-Jan-19;28-Jan-19;25-Jan-19
28-Jan-19;29-Jan-19;28-Jan-19
29-Jan-19;30-Jan-19;29-Jan-19
30-Jan-19;31-Jan-19;30-Jan-19
31-Jan-19;01-Feb-19;31-Jan-19
01-Feb-19;04-Feb-19;01-Feb-19
04-Feb-19;05-Feb-19;04-Feb-19
05-Feb-19;06-Feb-19;05-Feb-19
06-Feb-19;07-Feb-19;06-Feb-19
07-Feb-19;08-Feb-19;07-Feb-19
08-Feb-19;11-Feb-19;08-Feb-19
11-Feb-19;12-Feb-19;11-Feb-19
12-Feb-19;13-Feb-19;12-Feb-19
13-Feb-19;14-Feb-19;13-Feb-19
14-Feb-19;15-Feb-19;14-Feb-19
15-Feb-19;18-Feb-19;15-Feb-19
18-Feb-19;19-Feb-19;18-Feb-19
19-Feb-19;20-Feb-19;19-Feb-19
20-Feb-19;21-Feb-19;20-Feb-19
21-Feb-19;22-Feb-19;21-Feb-19
22-Feb-19;25-Feb-19;22-Feb-19
25-Feb-19;26-Feb-19;25-Feb-19
26-Feb-19;27-Feb-19;26-Feb-19
27-Feb-19;28-Feb-19;27-Feb-19
28-Feb-19;01-Mar-19;28-Feb-19
01-Mar-19;04-Mar-19;01-Mar-19
04-Mar-19;05-Mar-19;04-Mar-19
05-Mar-19;06-Mar-19;05-Mar-19
06-Mar-19;07-Mar-19;06-Mar-19
07-Mar-19;08-Mar-19;07-Mar-19
08-Mar-19;11-Mar-19;08-Mar-19
11-Mar-19;12-Mar-19;11-Mar-19
12-Mar-19;13-Mar-19;12-Mar-19
13-Mar-19;14-Mar-19;13-Mar-19
14-Mar-19;15-Mar-19;14-Mar-19
15-Mar-19;18-Mar-19;15-Mar-19
18-Mar-19;19-Mar-19;18-Mar-19
19-Mar-19;20-Mar-19;19-Mar-19
20-Mar-19;22-Mar-19;20-Mar-19
22-Mar-19;25-Mar-19;22-Mar-19
25-Mar-19;26-Mar-19;25-Mar-19
26-Mar-19;27-Mar-19;26-Mar-19
27-Mar-19;28-Mar-19;27-Mar-19
28-Mar-19;29-Mar-19;28-Mar-19
29-Mar-19;01-Apr-19;29-Mar-19
01-Apr-19;02-Apr-19;01-Apr-19
02-Apr-19;03-Apr-19;02-Apr-19
03-Apr-19;04-Apr-19;03-Apr-19
04-Apr-19;05-Apr-19;04-Apr-19
05-Apr-19;08-Apr-19;05-Apr-19
08-Apr-19;09-Apr-19;08-Apr-19
09-Apr-19;10-Apr-19;09-Apr-19
10-Apr-19;11-Apr-19;10-Apr-19
11-Apr-19;12-Apr-19;11-Apr-19
12-Apr-19;15-Apr-19;12-Apr-19
15-Apr-19;16-Apr-19;15-Apr-19
16-Apr-19;17-Apr-19;16-Apr-19
17-Apr-19;18-Apr-19;17-Apr-19
18-Apr-19;23-Apr-19;18-Apr-19
23-Apr-19;24-Apr-19;23-Apr-19
24-Apr-19;25-Apr-19;24-Apr-19
25-Apr-19;26-Apr-19;25-Apr-19
26-Apr-19;29-Apr-19;26-Apr-19
29-Apr-19;30-Apr-19;29-Apr-19
30-Apr-19;02-May-19;30-Apr-19
02-May-19;03-May-19;02-May-19
03-May-19;06-May-19;03-May-19
06-May-19;07-May-19;06-May-19
07-May-19;08-May-19;07-May-19
08-May-19;09-May-19;08-May-19
09-May-19;10-May-19;09-May-19
10-May-19;13-May-19;10-May-19
13-May-19;14-May-19;13-May-19
14-May-19;15-May-19;14-May-19
15-May-19;16-May-19;15-May-19
16-May-19;17-May-19;16-May-19
17-May-19;20-May-19;17-May-19
20-May-19;21-May-19;20-May-19
21-May-19;22-May-19;21-May-19
22-May-19;23-May-19;22-May-19
23-May-19;24-May-19;23-May-19
24-May-19;27-May-19;24-May-19
27-May-19;28-May-19;27-May-19
28-May-19;29-May-19;28-May-19
29-May-19;30-May-19;29-May-19
30-May-19;31-May-19;30-May-19
31-May-19;03-Jun-19;31-May-19
03-Jun-19;04-Jun-19;03-Jun-19
04-Jun-19;05-Jun-19;04-Jun-19
05-Jun-19;06-Jun-19;05-Jun-19
06-Jun-19;07-Jun-19;06-Jun-19
07-Jun-19;10-Jun-19;07-Jun-19
10-Jun-19;11-Jun-19;10-Jun-19
11-Jun-19;12-Jun-19;11-Jun-19
12-Jun-19;13-Jun-19;12-Jun-19
13-Jun-19;14-Jun-19;13-Jun-19
14-Jun-19;18-Jun-19;14-Jun-19
18-Jun-19;19-Jun-19;18-Jun-19
19-Jun-19;20-Jun-19;19-Jun-19
20-Jun-19;21-Jun-19;20-Jun-19
21-Jun-19;24-Jun-19;21-Jun-19
24-Jun-19;25-Jun-19;24-Jun-19
25-Jun-19;26-Jun-19;25-Jun-19
26-Jun-19;27-Jun-19;26-Jun-19
27-Jun-19;28-Jun-19;27-Jun-19
28-Jun-19;01-Jul-19;28-Jun-19
01-Jul-19;02-Jul-19;01-Jul-19
02-Jul-19;03-Jul-19;02-Jul-19
03-Jul-19;04-Jul-19;03-Jul-19
04-Jul-19;05-Jul-19;04-Jul-19
05-Jul-19;08-Jul-19;05-Jul-19
08-Jul-19;09-Jul-19;08-Jul-19
09-Jul-19;10-Jul-19;09-Jul-19
10-Jul-19;11-Jul-19;10-Jul-19
11-Jul-19;12-Jul-19;11-Jul-19
12-Jul-19;15-Jul-19;12-Jul-19
15-Jul-19;16-Jul-19;15-Jul-19
16-Jul-19;17-Jul-19;16-Jul-19
17-Jul-19;18-Jul-19;17-Jul-19
18-Jul-19;19-Jul-19;18-Jul-19
19-Jul-19;22-Jul-19;19-Jul-19
22-Jul-19;23-Jul-19;22-Jul-19
23-Jul-19;24-Jul-19;23-Jul-19
24-Jul-19;25-Jul-19;24-Jul-19
25-Jul-19;26-Jul-19;25-Jul-19
26-Jul-19;29-Jul-19;26-Jul-19
29-Jul-19;30-Jul-19;29-Jul-19
30-Jul-19;31-Jul-19;30-Jul-19
31-Jul-19;01-Aug-19;31-Jul-19
01-Aug-19;02-Aug-19;01-Aug-19
02-Aug-19;05-Aug-19;02-Aug-19
05-Aug-19;06-Aug-19;05-Aug-19
06-Aug-19;07-Aug-19;06-Aug-19
07-Aug-19;08-Aug-19;07-Aug-19
08-Aug-19;12-Aug-19;08-Aug-19
12-Aug-19;13-Aug-19;12-Aug-19
13-Aug-19;14-Aug-19;13-Aug-19
14-Aug-19;15-Aug-19;14-Aug-19
15-Aug-19;16-Aug-19;15-Aug-19
16-Aug-19;19-Aug-19;16-Aug-19
19-Aug-19;20-Aug-19;19-Aug-19
20-Aug-19;21-Aug-19;20-Aug-19
21-Aug-19;22-Aug-19;21-Aug-19
22-Aug-19;23-Aug-19;22-Aug-19
23-Aug-19;26-Aug-19;23-Aug-19
26-Aug-19;27-Aug-19;26-Aug-19
27-Aug-19;28-Aug-19;27-Aug-19
28-Aug-19;29-Aug-19;28-Aug-19
29-Aug-19;30-Aug-19;29-Aug-19
30-Aug-19;02-Sep-19;30-Aug-19
02-Sep-19;03-Sep-19;02-Sep-19
03-Sep-19;04-Sep-19;03-Sep-19
04-Sep-19;05-Sep-19;04-Sep-19
05-Sep-19;06-Sep-19;05-Sep-19
06-Sep-19;09-Sep-19;06-Sep-19
09-Sep-19;10-Sep-19;09-Sep-19
10-Sep-19;11-Sep-19;10-Sep-19
11-Sep-19;12-Sep-19;11-Sep-19
12-Sep-19;13-Sep-19;12-Sep-19
13-Sep-19;16-Sep-19;13-Sep-19
16-Sep-19;17-Sep-19;16-Sep-19
17-Sep-19;18-Sep-19;17-Sep-19
18-Sep-19;19-Sep-19;18-Sep-19
19-Sep-19;20-Sep-19;19-Sep-19
20-Sep-19;23-Sep-19;20-Sep-19
23-Sep-19;25-Sep-19;23-Sep-19
25-Sep-19;26-Sep-19;25-Sep-19
26-Sep-19;27-Sep-19;26-Sep-19
27-Sep-19;30-Sep-19;27-Sep-19
30-Sep-19;01-Oct-19;30-Sep-19
01-Oct-19;02-Oct-19;01-Oct-19
02-Oct-19;03-Oct-19;02-Oct-19
03-Oct-19;04-Oct-19;03-Oct-19
04-Oct-19;07-Oct-19;04-Oct-19
07-Oct-19;08-Oct-19;07-Oct-19
08-Oct-19;09-Oct-19;08-Oct-19
09-Oct-19;10-Oct-19;09-Oct-19
10-Oct-19;11-Oct-19;10-Oct-19
11-Oct-19;14-Oct-19;11-Oct-19
14-Oct-19;15-Oct-19;14-Oct-19
15-Oct-19;16-Oct-19;15-Oct-19
16-Oct-19;17-Oct-19;16-Oct-19
17-Oct-19;18-Oct-19;17-Oct-19
18-Oct-19;21-Oct-19;18-Oct-19
21-Oct-19;22-Oct-19;21-Oct-19
22-Oct-19;23-Oct-19;22-Oct-19
23-Oct-19;24-Oct-19;23-Oct-19
24-Oct-19;25-Oct-19;24-Oct-19
25-Oct-19;28-Oct-19;25-Oct-19
28-Oct-19;29-Oct-19;28-Oct-19
29-Oct-19;30-Oct-19;29-Oct-19
30-Oct-19;31-Oct-19;30-Oct-19
31-Oct-19;01-Nov-19;31-Oct-19
01-Nov-19;04-Nov-19;01-Nov-19
04-Nov-19;05-Nov-19;04-Nov-19
05-Nov-19;06-Nov-19;05-Nov-19
06-Nov-19;07-Nov-19;06-Nov-19
07-Nov-19;08-Nov-19;07-Nov-19
08-Nov-19;11-Nov-19;08-Nov-19
11-Nov-19;12-Nov-19;11-Nov-19
12-Nov-19;13-Nov-19;12-Nov-19
13-Nov-19;14-Nov-19;13-Nov-19
14-Nov-19;15-Nov-19;14-Nov-19
15-Nov-19;18-Nov-19;15-Nov-19
18-Nov-19;19-Nov-19;18-Nov-19
19-Nov-19;20-Nov-19;19-Nov-19
20-Nov-19;21-Nov-19;20-Nov-19
21-Nov-19;22-Nov-19;21-Nov-19
22-Nov-19;25-Nov-19;22-Nov-19
25-Nov-19;26-Nov-19;25-Nov-19
26-Nov-19;27-Nov-19;26-Nov-19
27-Nov-19;28-Nov-19;27-Nov-19
28-Nov-19;29-Nov-19;28-Nov-19
29-Nov-19;02-Dec-19;29-Nov-19
02-Dec-19;03-Dec-19;02-Dec-19
03-Dec-19;04-Dec-19;03-Dec-19
04-Dec-19;05-Dec-19;04-Dec-19
05-Dec-19;06-Dec-19;05-Dec-19
06-Dec-19;09-Dec-19;06-Dec-19
09-Dec-19;10-Dec-19;09-Dec-19
10-Dec-19;11-Dec-19;10-Dec-19
11-Dec-19;12-Dec-19;11-Dec-19
12-Dec-19;13-Dec-19;12-Dec-19
13-Dec-19;17-Dec-19;13-Dec-19
17-Dec-19;18-Dec-19;17-Dec-19
18-Dec-19;19-Dec-19;18-Dec-19
19-Dec-19;20-Dec-19;19-Dec-19
20-Dec-19;23-Dec-19;20-Dec-19
23-Dec-19;24-Dec-19;23-Dec-19
24-Dec-19;27-Dec-19;24-Dec-19
27-Dec-19;30-Dec-19;27-Dec-19
30-Dec-19;31-Dec-19;30-Dec-19
31-Dec-19;02-Jan-20;31-Dec-19
02-Jan-20;03-Jan-20;02-Jan-20
03-Jan-20;06-Jan-20;03-Jan-20
06-Jan-20;07-Jan-20;06-Jan-20
07-Jan-20;08-Jan-20;07-Jan-20
08-Jan-20;09-Jan-20;08-Jan-20
09-Jan-20;10-Jan-20;09-Jan-20
10-Jan-20;13-Jan-20;10-Jan-20
13-Jan-20;14-Jan-20;13-Jan-20
14-Jan-20;15-Jan-20;14-Jan-20
15-Jan-20;16-Jan-20;15-Jan-20
16-Jan-20;17-Jan-20;16-Jan-20
17-Jan-20;20-Jan-20;17-Jan-20
20-Jan-20;21-Jan-20;20-Jan-20
21-Jan-20;22-Jan-20;21-Jan-20
22-Jan-20;23-Jan-20;22-Jan-20
23-Jan-20;24-Jan-20;23-Jan-20
24-Jan-20;27-Jan-20;24-Jan-20
27-Jan-20;28-Jan-20;27-Jan-20
28-Jan-20;29-Jan-20;28-Jan-20
29-Jan-20;30-Jan-20;29-Jan-20
30-Jan-20;31-Jan-20;30-Jan-20
31-Jan-20;03-Feb-20;31-Jan-20
03-Feb-20;04-Feb-20;03-Feb-20
04-Feb-20;05-Feb-20;04-Feb-20
05-Feb-20;06-Feb-20;05-Feb-20
06-Feb-20;07-Feb-20;06-Feb-20
07-Feb-20;10-Feb-20;07-Feb-20
10-Feb-20;11-Feb-20;10-Feb-20
11-Feb-20;12-Feb-20;11-Feb-20
12-Feb-20;13-Feb-20;12-Feb-20
13-Feb-20;14-Feb-20;13-Feb-20
14-Feb-20;17-Feb-20;14-Feb-20
17-Feb-20;18-Feb-20;17-Feb-20
18-Feb-20;19-Feb-20;18-Feb-20
19-Feb-20;20-Feb-20;19-Feb-20
20-Feb-20;21-Feb-20;20-Feb-20
21-Feb-20;24-Feb-20;21-Feb-20
24-Feb-20;25-Feb-20;24-Feb-20
25-Feb-20;26-Feb-20;25-Feb-20
26-Feb-20;27-Feb-20;26-Feb-20
27-Feb-20;28-Feb-20;27-Feb-20
28-Feb-20;02-Mar-20;28-Feb-20
02-Mar-20;03-Mar-20;02-Mar-20
03-Mar-20;04-Mar-20;03-Mar-20
04-Mar-20;05-Mar-20;04-Mar-20
05-Mar-20;06-Mar-20;05-Mar-20
06-Mar-20;09-Mar-20;06-Mar-20
09-Mar-20;10-Mar-20;09-Mar-20
10-Mar-20;11-Mar-20;10-Mar-20
11-Mar-20;12-Mar-20;11-Mar-20
12-Mar-20;13-Mar-20;12-Mar-20
13-Mar-20;16-Mar-20;13-Mar-20
16-Mar-20;17-Mar-20;16-Mar-20
17-Mar-20;18-Mar-20;17-Mar-20
18-Mar-20;19-Mar-20;18-Mar-20
19-Mar-20;20-Mar-20;19-Mar-20
20-Mar-20;23-Mar-20;20-Mar-20
23-Mar-20;24-Mar-20;23-Mar-20
24-Mar-20;25-Mar-20;24-Mar-20
25-Mar-20;26-Mar-20;25-Mar-20
26-Mar-20;27-Mar-20;26-Mar-20
27-Mar-20;30-Mar-20;27-Mar-20
30-Mar-20;31-Mar-20;30-Mar-20
31-Mar-20;01-Apr-20;31-Mar-20
01-Apr-20;02-Apr-20;01-Apr-20
02-Apr-20;03-Apr-20;02-Apr-20
03-Apr-20;06-Apr-20;03-Apr-20
06-Apr-20;07-Apr-20;06-Apr-20
07-Apr-20;08-Apr-20;07-Apr-20
08-Apr-20;09-Apr-20;08-Apr-20
09-Apr-20;14-Apr-20;09-Apr-20
14-Apr-20;15-Apr-20;14-Apr-20
15-Apr-20;16-Apr-20;15-Apr-20
16-Apr-20;17-Apr-20;16-Apr-20
17-Apr-20;20-Apr-20;17-Apr-20
20-Apr-20;21-Apr-20;20-Apr-20
21-Apr-20;22-Apr-20;21-Apr-20
22-Apr-20;23-Apr-20;22-Apr-20
23-Apr-20;24-Apr-20;23-Apr-20
24-Apr-20;28-Apr-20;24-Apr-20
28-Apr-20;29-Apr-20;28-Apr-20
29-Apr-20;30-Apr-20;29-Apr-20
30-Apr-20;04-May-20;30-Apr-20
04-May-20;05-May-20;04-May-20
05-May-20;06-May-20;05-May-20
06-May-20;07-May-20;06-May-20
07-May-20;08-May-20;07-May-20
08-May-20;11-May-20;08-May-20
11-May-20;12-May-20;11-May-20
12-May-20;13-May-20;12-May-20
13-May-20;14-May-20;13-May-20
14-May-20;15-May-20;14-May-20
15-May-20;18-May-20;15-May-20
18-May-20;19-May-20;18-May-20
19-May-20;20-May-20;19-May-20
20-May-20;21-May-20;20-May-20
21-May-20;22-May-20;21-May-20
22-May-20;25-May-20;22-May-20
25-May-20;26-May-20;25-May-20
26-May-20;27-May-20;26-May-20
27-May-20;28-May-20;27-May-20
28-May-20;29-May-20;28-May-20
29-May-20;01-Jun-20;29-May-20
01-Jun-20;02-Jun-20;01-Jun-20
02-Jun-20;03-Jun-20;02-Jun-20
03-Jun-20;04-Jun-20;03-Jun-20
04-Jun-20;05-Jun-20;04-Jun-20
05-Jun-20;08-Jun-20;05-Jun-20
08-Jun-20;09-Jun-20;08-Jun-20
09-Jun-20;10-Jun-20;09-Jun-20
10-Jun-20;11-Jun-20;10-Jun-20
11-Jun-20;12-Jun-20;11-Jun-20
12-Jun-20;15-Jun-20;12-Jun-20
15-Jun-20;17-Jun-20;15-Jun-20
17-Jun-20;18-Jun-20;17-Jun-20
18-Jun-20;19-Jun-20;18-Jun-20
19-Jun-20;22-Jun-20;19-Jun-20
22-Jun-20;23-Jun-20;22-Jun-20
23-Jun-20;24-Jun-20;23-Jun-20
24-Jun-20;25-Jun-20;24-Jun-20
25-Jun-20;26-Jun-20;25-Jun-20
26-Jun-20;29-Jun-20;26-Jun-20
29-Jun-20;30-Jun-20;29-Jun-20
30-Jun-20;01-Jul-20;30-Jun-20
01-Jul-20;02-Jul-20;01-Jul-20
02-Jul-20;03-Jul-20;02-Jul-20
03-Jul-20;06-Jul-20;03-Jul-20
06-Jul-20;07-Jul-20;06-Jul-20
07-Jul-20;08-Jul-20;07-Jul-20
08-Jul-20;09-Jul-20;08-Jul-20
09-Jul-20;10-Jul-20;09-Jul-20
10-Jul-20;13-Jul-20;10-Jul-20
13-Jul-20;14-Jul-20;13-Jul-20
14-Jul-20;15-Jul-20;14-Jul-20
15-Jul-20;16-Jul-20;15-Jul-20
16-Jul-20;17-Jul-20;16-Jul-20
17-Jul-20;20-Jul-20;17-Jul-20
20-Jul-20;21-Jul-20;20-Jul-20
21-Jul-20;22-Jul-20;21-Jul-20
22-Jul-20;23-Jul-20;22-Jul-20
23-Jul-20;24-Jul-20;23-Jul-20
24-Jul-20;27-Jul-20;24-Jul-20
27-Jul-20;28-Jul-20;27-Jul-20
28-Jul-20;29-Jul-20;28-Jul-20
29-Jul-20;30-Jul-20;29-Jul-20
30-Jul-20;31-Jul-20;30-Jul-20
31-Jul-20;03-Aug-20;31-Jul-20
03-Aug-20;04-Aug-20;03-Aug-20
04-Aug-20;05-Aug-20;04-Aug-20
05-Aug-20;06-Aug-20;05-Aug-20
06-Aug-20;07-Aug-20;06-Aug-20
07-Aug-20;11-Aug-20;07-Aug-20
11-Aug-20;12-Aug-20;11-Aug-20
12-Aug-20;13-Aug-20;12-Aug-20
13-Aug-20;14-Aug-20;13-Aug-20
14-Aug-20;17-Aug-20;14-Aug-20
17-Aug-20;18-Aug-20;17-Aug-20
18-Aug-20;19-Aug-20;18-Aug-20
19-Aug-20;20-Aug-20;19-Aug-20
20-Aug-20;21-Aug-20;20-Aug-20
21-Aug-20;24-Aug-20;21-Aug-20
24-Aug-20;25-Aug-20;24-Aug-20
25-Aug-20;26-Aug-20;25-Aug-20
26-Aug-20;27-Aug-20;26-Aug-20
27-Aug-20;28-Aug-20;27-Aug-20
28-Aug-20;31-Aug-20;28-Aug-20
31-Aug-20;01-Sep-20;31-Aug-20
01-Sep-20;02-Sep-20;01-Sep-20
02-Sep-20;03-Sep-20;02-Sep-20
03-Sep-20;04-Sep-20;03-Sep-20
04-Sep-20;07-Sep-20;04-Sep-20
07-Sep-20;08-Sep-20;07-Sep-20
08-Sep-20;09-Sep-20;08-Sep-20
09-Sep-20;10-Sep-20;09-Sep-20
10-Sep-20;11-Sep-20;10-Sep-20
11-Sep-20;14-Sep-20;11-Sep-20
14-Sep-20;15-Sep-20;14-Sep-20
15-Sep-20;16-Sep-20;15-Sep-20
16-Sep-20;17-Sep-20;16-Sep-20
17-Sep-20;18-Sep-20;17-Sep-20
18-Sep-20;21-Sep-20;18-Sep-20
21-Sep-20;22-Sep-20;21-Sep-20
22-Sep-20;23-Sep-20;22-Sep-20
23-Sep-20;25-Sep-20;23-Sep-20
25-Sep-20;28-Sep-20;25-Sep-20
28-Sep-20;29-Sep-20;28-Sep-20
29-Sep-20;30-Sep-20;29-Sep-20
30-Sep-20;01-Oct-20;30-Sep-20
01-Oct-20;02-Oct-20;01-Oct-20
02-Oct-20;05-Oct-20;02-Oct-20
05-Oct-20;06-Oct-20;05-Oct-20
06-Oct-20;07-Oct-20;06-Oct-20
07-Oct-20;08-Oct-20;07-Oct-20
08-Oct-20;09-Oct-20;08-Oct-20
09-Oct-20;12-Oct-20;09-Oct-20
12-Oct-20;13-Oct-20;12-Oct-20
13-Oct-20;14-Oct-20;13-Oct-20
14-Oct-20;15-Oct-20;14-Oct-20
15-Oct-20;16-Oct-20;15-Oct-20
16-Oct-20;19-Oct-20;16-Oct-20
19-Oct-20;20-Oct-20;19-Oct-20
20-Oct-20;21-Oct-20;20-Oct-20
21-Oct-20;22-Oct-20;21-Oct-20
22-Oct-20;23-Oct-20;22-Oct-20
23-Oct-20;26-Oct-20;23-Oct-20
26-Oct-20;27-Oct-20;26-Oct-20
27-Oct-20;28-Oct-20;27-Oct-20
28-Oct-20;29-Oct-20;28-Oct-20
29-Oct-20;30-Oct-20;29-Oct-20
30-Oct-20;02-Nov-20;30-Oct-20
02-Nov-20;03-Nov-20;02-Nov-20
03-Nov-20;04-Nov-20;03-Nov-20
04-Nov-20;05-Nov-20;04-Nov-20
05-Nov-20;06-Nov-20;05-Nov-20
06-Nov-20;09-Nov-20;06-Nov-20
09-Nov-20;10-Nov-20;09-Nov-20
10-Nov-20;11-Nov-20;10-Nov-20
11-Nov-20;12-Nov-20;11-Nov-20
12-Nov-20;13-Nov-20;12-Nov-20
13-Nov-20;16-Nov-20;13-Nov-20
16-Nov-20;17-Nov-20;16-Nov-20
17-Nov-20;18-Nov-20;17-Nov-20
18-Nov-20;19-Nov-20;18-Nov-20
19-Nov-20;20-Nov-20;19-Nov-20
20-Nov-20;23-Nov-20;20-Nov-20
23-Nov-20;24-Nov-20;23-Nov-20
24-Nov-20;25-Nov-20;24-Nov-20
25-Nov-20;26-Nov-20;25-Nov-20
26-Nov-20;27-Nov-20;26-Nov-20
27-Nov-20;30-Nov-20;27-Nov-20
30-Nov-20;01-Dec-20;30-Nov-20
01-Dec-20;02-Dec-20;01-Dec-20
02-Dec-20;03-Dec-20;02-Dec-20
03-Dec-20;04-Dec-20;03-Dec-20
04-Dec-20;07-Dec-20;04-Dec-20
07-Dec-20;08-Dec-20;07-Dec-20
08-Dec-20;09-Dec-20;08-Dec-20
09-Dec-20;10-Dec-20;09-Dec-20
10-Dec-20;11-Dec-20;10-Dec-20
11-Dec-20;14-Dec-20;11-Dec-20
14-Dec-20;15-Dec-20;14-Dec-20
15-Dec-20;17-Dec-20;15-Dec-20
17-Dec-20;18-Dec-20;17-Dec-20
18-Dec-20;21-Dec-20;18-Dec-20
21-Dec-20;22-Dec-20;21-Dec-20
22-Dec-20;23-Dec-20;22-Dec-20
23-Dec-20;24-Dec-20;23-Dec-20
24-Dec-20;28-Dec-20;24-Dec-20
28-Dec-20;29-Dec-20;28-Dec-20
29-Dec-20;30-Dec-20;29-Dec-20
30-Dec-20;31-Dec-20;30-Dec-20
31-Dec-20;04-Jan-21;31-Dec-20
04-Jan-21;05-Jan-21;04-Jan-21
05-Jan-21;06-Jan-21;05-Jan-21
06-Jan-21;07-Jan-21;06-Jan-21
07-Jan-21;08-Jan-21;07-Jan-21
08-Jan-21;11-Jan-21;08-Jan-21
11-Jan-21;12-Jan-21;11-Jan-21
12-Jan-21;13-Jan-21;12-Jan-21
13-Jan-21;14-Jan-21;13-Jan-21
14-Jan-21;15-Jan-21;14-Jan-21
15-Jan-21;18-Jan-21;15-Jan-21
18-Jan-21;19-Jan-21;18-Jan-21
19-Jan-21;20-Jan-21;19-Jan-21
20-Jan-21;21-Jan-21;20-Jan-21
21-Jan-21;22-Jan-21;21-Jan-21
22-Jan-21;25-Jan-21;22-Jan-21
25-Jan-21;26-Jan-21;25-Jan-21
26-Jan-21;27-Jan-21;26-Jan-21
27-Jan-21;28-Jan-21;27-Jan-21
28-Jan-21;29-Jan-21;28-Jan-21
29-Jan-21;01-Feb-21;29-Jan-21
01-Feb-21;02-Feb-21;01-Feb-21
02-Feb-21;03-Feb-21;02-Feb-21
03-Feb-21;04-Feb-21;03-Feb-21
04-Feb-21;05-Feb-21;04-Feb-21
05-Feb-21;08-Feb-21;05-Feb-21
08-Feb-21;09-Feb-21;08-Feb-21
09-Feb-21;10-Feb-21;09-Feb-21
10-Feb-21;11-Feb-21;10-Feb-21
11-Feb-21;12-Feb-21;11-Feb-21
12-Feb-21;15-Feb-21;12-Feb-21
15-Feb-21;16-Feb-21;15-Feb-21
16-Feb-21;17-Feb-21;16-Feb-21
17-Feb-21;18-Feb-21;17-Feb-21
18-Feb-21;19-Feb-21;18-Feb-21
19-Feb-21;22-Feb-21;19-Feb-21
22-Feb-21;23-Feb-21;22-Feb-21
23-Feb-21;24-Feb-21;23-Feb-21
24-Feb-21;25-Feb-21;24-Feb-21
25-Feb-21;26-Feb-21;25-Feb-21
26-Feb-21;01-Mar-21;26-Feb-21
01-Mar-21;02-Mar-21;01-Mar-21
02-Mar-21;03-Mar-21;02-Mar-21
03-Mar-21;04-Mar-21;03-Mar-21
04-Mar-21;05-Mar-21;04-Mar-21
05-Mar-21;08-Mar-21;05-Mar-21
08-Mar-21;09-Mar-21;08-Mar-21
09-Mar-21;10-Mar-21;09-Mar-21
10-Mar-21;11-Mar-21;10-Mar-21
11-Mar-21;12-Mar-21;11-Mar-21
12-Mar-21;15-Mar-21;12-Mar-21
15-Mar-21;16-Mar-21;15-Mar-21
16-Mar-21;17-Mar-21;16-Mar-21
17-Mar-21;18-Mar-21;17-Mar-21
18-Mar-21;19-Mar-21;18-Mar-21
19-Mar-21;23-Mar-21;19-Mar-21
23-Mar-21;24-Mar-21;23-Mar-21
24-Mar-21;25-Mar-21;24-Mar-21
25-Mar-21;26-Mar-21;25-Mar-21
26-Mar-21;29-Mar-21;26-Mar-21
29-Mar-21;30-Mar-21;29-Mar-21
30-Mar-21;31-Mar-21;30-Mar-21
31-Mar-21;01-Apr-21;31-Mar-21
01-Apr-21;06-Apr-21;01-Apr-21
06-Apr-21;07-Apr-21;06-Apr-21
07-Apr-21;08-Apr-21;07-Apr-21
08-Apr-21;09-Apr-21;08-Apr-21
09-Apr-21;12-Apr-21;09-Apr-21
12-Apr-21;13-Apr-21;12-Apr-21
13-Apr-21;14-Apr-21;13-Apr-21
14-Apr-21;15-Apr-21;14-Apr-21
15-Apr-21;16-Apr-21;15-Apr-21
16-Apr-21;19-Apr-21;16-Apr-21
19-Apr-21;20-Apr-21;19-Apr-21
20-Apr-21;21-Apr-21;20-Apr-21
21-Apr-21;22-Apr-21;21-Apr-21
22-Apr-21;23-Apr-21;22-Apr-21
23-Apr-21;26-Apr-21;23-Apr-21
26-Apr-21;28-Apr-21;26-Apr-21
28-Apr-21;29-Apr-21;28-Apr-21
29-Apr-21;30-Apr-21;29-Apr-21
30-Apr-21;03-May-21;30-Apr-21
03-May-21;04-May-21;03-May-21
04-May-21;05-May-21;04-May-21
05-May-21;06-May-21;05-May-21
06-May-21;07-May-21;06-May-21
07-May-21;10-May-21;07-May-21
10-May-21;11-May-21;10-May-21
11-May-21;12-May-21;11-May-21
12-May-21;13-May-21;12-May-21
13-May-21;14-May-21;13-May-21
14-May-21;17-May-21;14-May-21
17-May-21;18-May-21;17-May-21
18-May-21;19-May-21;18-May-21
19-May-21;20-May-21;19-May-21
20-May-21;21-May-21;20-May-21
21-May-21;24-May-21;21-May-21
24-May-21;25-May-21;24-May-21
25-May-21;26-May-21;25-May-21
26-May-21;27-May-21;26-May-21
27-May-21;28-May-21;27-May-21
28-May-21;31-May-21;28-May-21
31-May-21;01-Jun-21;31-May-21
01-Jun-21;02-Jun-21;01-Jun-21
02-Jun-21;03-Jun-21;02-Jun-21
03-Jun-21;04-Jun-21;03-Jun-21
04-Jun-21;07-Jun-21;04-Jun-21
07-Jun-21;08-Jun-21;07-Jun-21
08-Jun-21;09-Jun-21;08-Jun-21
09-Jun-21;10-Jun-21;09-Jun-21
10-Jun-21;11-Jun-21;10-Jun-21
11-Jun-21;14-Jun-21;11-Jun-21
14-Jun-21;15-Jun-21;14-Jun-21
15-Jun-21;17-Jun-21;15-Jun-21
17-Jun-21;18-Jun-21;17-Jun-21
18-Jun-21;21-Jun-21;18-Jun-21
21-Jun-21;22-Jun-21;21-Jun-21
22-Jun-21;23-Jun-21;22-Jun-21
23-Jun-21;24-Jun-21;23-Jun-21
24-Jun-21;25-Jun-21;24-Jun-21
25-Jun-21;28-Jun-21;25-Jun-21
28-Jun-21;29-Jun-21;28-Jun-21
29-Jun-21;30-Jun-21;29-Jun-21
30-Jun-21;01-Jul-21;30-Jun-21
01-Jul-21;02-Jul-21;01-Jul-21
02-Jul-21;05-Jul-21;02-Jul-21
05-Jul-21;06-Jul-21;05-Jul-21
06-Jul-21;07-Jul-21;06-Jul-21
07-Jul-21;08-Jul-21;07-Jul-21
08-Jul-21;09-Jul-21;08-Jul-21
09-Jul-21;12-Jul-21;09-Jul-21
12-Jul-21;13-Jul-21;12-Jul-21
13-Jul-21;14-Jul-21;13-Jul-21
14-Jul-21;15-Jul-21;14-Jul-21
15-Jul-21;16-Jul-21;15-Jul-21
16-Jul-21;19-Jul-21;16-Jul-21
19-Jul-21;20-Jul-21;19-Jul-21
20-Jul-21;21-Jul-21;20-Jul-21
21-Jul-21;22-Jul-21;21-Jul-21
22-Jul-21;23-Jul-21;22-Jul-21
23-Jul-21;26-Jul-21;23-Jul-21
26-Jul-21;27-Jul-21;26-Jul-21
27-Jul-21;28-Jul-21;27-Jul-21
28-Jul-21;29-Jul-21;28-Jul-21
29-Jul-21;30-Jul-21;29-Jul-21
30-Jul-21;02-Aug-21;30-Jul-21
02-Aug-21;03-Aug-21;02-Aug-21
03-Aug-21;04-Aug-21;03-Aug-21
04-Aug-21;05-Aug-21;04-Aug-21
05-Aug-21;06-Aug-21;05-Aug-21
06-Aug-21;10-Aug-21;06-Aug-21
10-Aug-21;11-Aug-21;10-Aug-21
11-Aug-21;12-Aug-21;11-Aug-21
12-Aug-21;13-Aug-21;12-Aug-21
13-Aug-21;16-Aug-21;13-Aug-21
16-Aug-21;17-Aug-21;16-Aug-21
17-Aug-21;18-Aug-21;17-Aug-21
18-Aug-21;19-Aug-21;18-Aug-21
19-Aug-21;20-Aug-21;19-Aug-21
20-Aug-21;23-Aug-21;20-Aug-21
23-Aug-21;24-Aug-21;23-Aug-21
24-Aug-21;25-Aug-21;24-Aug-21
25-Aug-21;26-Aug-21;25-Aug-21
26-Aug-21;27-Aug-21;26-Aug-21
27-Aug-21;30-Aug-21;27-Aug-21
30-Aug-21;31-Aug-21;30-Aug-21
31-Aug-21;01-Sep-21;31-Aug-21
01-Sep-21;02-Sep-21;01-Sep-21
02-Sep-21;03-Sep-21;02-Sep-21
03-Sep-21;06-Sep-21;03-Sep-21
06-Sep-21;07-Sep-21;06-Sep-21
07-Sep-21;08-Sep-21;07-Sep-21
08-Sep-21;09-Sep-21;08-Sep-21
09-Sep-21;10-Sep-21;09-Sep-21
10-Sep-21;13-Sep-21;10-Sep-21
13-Sep-21;14-Sep-21;13-Sep-21
14-Sep-21;15-Sep-21;14-Sep-21
15-Sep-21;16-Sep-21;15-Sep-21
16-Sep-21;17-Sep-21;16-Sep-21
17-Sep-21;20-Sep-21;17-Sep-21
20-Sep-21;21-Sep-21;20-Sep-21
21-Sep-21;22-Sep-21;21-Sep-21
22-Sep-21;23-Sep-21;22-Sep-21
23-Sep-21;27-Sep-21;23-Sep-21
27-Sep-21;28-Sep-21;27-Sep-21
28-Sep-21;29-Sep-21;28-Sep-21
29-Sep-21;30-Sep-21;29-Sep-21
30-Sep-21;01-Oct-21;30-Sep-21
01-Oct-21;04-Oct-21;01-Oct-21
04-Oct-21;05-Oct-21;04-Oct-21
05-Oct-21;06-Oct-21;05-Oct-21
06-Oct-21;07-Oct-21;06-Oct-21
07-Oct-21;08-Oct-21;07-Oct-21
08-Oct-21;11-Oct-21;08-Oct-21
11-Oct-21;12-Oct-21;11-Oct-21
12-Oct-21;13-Oct-21;12-Oct-21
13-Oct-21;14-Oct-21;13-Oct-21
14-Oct-21;15-Oct-21;14-Oct-21
15-Oct-21;18-Oct-21;15-Oct-21
18-Oct-21;19-Oct-21;18-Oct-21
19-Oct-21;20-Oct-21;19-Oct-21
20-Oct-21;21-Oct-21;20-Oct-21
21-Oct-21;22-Oct-21;21-Oct-21
22-Oct-21;25-Oct-21;22-Oct-21
25-Oct-21;26-Oct-21;25-Oct-21
26-Oct-21;27-Oct-21;26-Oct-21
27-Oct-21;28-Oct-21;27-Oct-21
28-Oct-21;29-Oct-21;28-Oct-21
29-Oct-21;01-Nov-21;29-Oct-21
01-Nov-21;02-Nov-21;01-Nov-21
02-Nov-21;03-Nov-21;02-Nov-21
03-Nov-21;04-Nov-21;03-Nov-21
04-Nov-21;05-Nov-21;04-Nov-21
05-Nov-21;08-Nov-21;05-Nov-21
08-Nov-21;09-Nov-21;08-Nov-21
09-Nov-21;10-Nov-21;09-Nov-21
10-Nov-21;11-Nov-21;10-Nov-21
11-Nov-21;12-Nov-21;11-Nov-21
12-Nov-21;15-Nov-21;12-Nov-21
15-Nov-21;16-Nov-21;15-Nov-21
16-Nov-21;17-Nov-21;16-Nov-21
17-Nov-21;18-Nov-21;17-Nov-21
18-Nov-21;19-Nov-21;18-Nov-21
19-Nov-21;22-Nov-21;19-Nov-21
22-Nov-21;23-Nov-21;22-Nov-21
23-Nov-21;24-Nov-21;23-Nov-21
24-Nov-21;25-Nov-21;24-Nov-21
25-Nov-21;26-Nov-21;25-Nov-21
26-Nov-21;29-Nov-21;26-Nov-21
29-Nov-21;30-Nov-21;29-Nov-21
30-Nov-21;01-Dec-21;30-Nov-21
01-Dec-21;02-Dec-21;01-Dec-21
02-Dec-21;03-Dec-21;02-Dec-21
03-Dec-21;06-Dec-21;03-Dec-21
06-Dec-21;07-Dec-21;06-Dec-21
07-Dec-21;08-Dec-21;07-Dec-21
08-Dec-21;09-Dec-21;08-Dec-21
09-Dec-21;10-Dec-21;09-Dec-21
10-Dec-21;13-Dec-21;10-Dec-21
13-Dec-21;14-Dec-21;13-Dec-21
14-Dec-21;15-Dec-21;14-Dec-21
15-Dec-21;17-Dec-21;15-Dec-21
17-Dec-21;20-Dec-21;17-Dec-21
20-Dec-21;21-Dec-21;20-Dec-21
21-Dec-21;22-Dec-21;21-Dec-21
22-Dec-21;23-Dec-21;22-Dec-21
23-Dec-21;24-Dec-21;23-Dec-21
24-Dec-21;28-Dec-21;24-Dec-21
28-Dec-21;29-Dec-21;28-Dec-21
29-Dec-21;30-Dec-21;29-Dec-21
30-Dec-21;31-Dec-21;30-Dec-21
31-Dec-21;03-Jan-22;31-Dec-21
03-Jan-22;04-Jan-22;03-Jan-22
04-Jan-22;05-Jan-22;04-Jan-22
05-Jan-22;06-Jan-22;05-Jan-22
06-Jan-22;07-Jan-22;06-Jan-22
07-Jan-22;10-Jan-22;07-Jan-22
10-Jan-22;11-Jan-22;10-Jan-22
11-Jan-22;12-Jan-22;11-Jan-22
12-Jan-22;13-Jan-22;12-Jan-22
13-Jan-22;14-Jan-22;13-Jan-22
14-Jan-22;17-Jan-22;14-Jan-22
17-Jan-22;18-Jan-22;17-Jan-22
18-Jan-22;19-Jan-22;18-Jan-22
19-Jan-22;20-Jan-22;19-Jan-22
20-Jan-22;21-Jan-22;20-Jan-22
21-Jan-22;24-Jan-22;21-Jan-22
24-Jan-22;25-Jan-22;24-Jan-22
25-Jan-22;26-Jan-22;25-Jan-22
26-Jan-22;27-Jan-22;26-Jan-22
27-Jan-22;28-Jan-22;27-Jan-22
28-Jan-22;31-Jan-22;28-Jan-22
31-Jan-22;01-Feb-22;31-Jan-22
01-Feb-22;02-Feb-22;01-Feb-22
02-Feb-22;03-Feb-22;02-Feb-22
03-Feb-22;04-Feb-22;03-Feb-22
04-Feb-22;07-Feb-22;04-Feb-22
07-Feb-22;08-Feb-22;07-Feb-22
08-Feb-22;09-Feb-22;08-Feb-22
09-Feb-22;10-Feb-22;09-Feb-22
10-Feb-22;11-Feb-22;10-Feb-22
11-Feb-22;14-Feb-22;11-Feb-22
14-Feb-22;15-Feb-22;14-Feb-22
15-Feb-22;16-Feb-22;15-Feb-22
16-Feb-22;17-Feb-22;16-Feb-22
17-Feb-22;18-Feb-22;17-Feb-22
18-Feb-22;21-Feb-22;18-Feb-22
21-Feb-22;22-Feb-22;21-Feb-22
22-Feb-22;23-Feb-22;22-Feb-22
23-Feb-22;24-Feb-22;23-Feb-22
24-Feb-22;25-Feb-22;24-Feb-22
25-Feb-22;28-Feb-22;25-Feb-22
28-Feb-22;01-Mar-22;28-Feb-22
01-Mar-22;02-Mar-22;01-Mar-22
02-Mar-22;03-Mar-22;02-Mar-22
03-Mar-22;04-Mar-22;03-Mar-22
04-Mar-22;07-Mar-22;04-Mar-22
07-Mar-22;08-Mar-22;07-Mar-22
08-Mar-22;09-Mar-22;08-Mar-22
09-Mar-22;10-Mar-22;09-Mar-22
10-Mar-22;11-Mar-22;10-Mar-22
11-Mar-22;14-Mar-22;11-Mar-22
14-Mar-22;15-Mar-22;14-Mar-22
15-Mar-22;16-Mar-22;15-Mar-22
16-Mar-22;17-Mar-22;16-Mar-22
17-Mar-22;18-Mar-22;17-Mar-22
18-Mar-22;22-Mar-22;18-Mar-22
22-Mar-22;23-Mar-22;22-Mar-22
23-Mar-22;24-Mar-22;23-Mar-22
24-Mar-22;25-Mar-22;24-Mar-22
25-Mar-22;28-Mar-22;25-Mar-22
28-Mar-22;29-Mar-22;28-Mar-22
29-Mar-22;30-Mar-22;29-Mar-22
30-Mar-22;31-Mar-22;30-Mar-22
31-Mar-22;01-Apr-22;31-Mar-22
01-Apr-22;04-Apr-22;01-Apr-22
04-Apr-22;05-Apr-22;04-Apr-22
05-Apr-22;06-Apr-22;05-Apr-22
06-Apr-22;07-Apr-22;06-Apr-22
07-Apr-22;08-Apr-22;07-Apr-22
08-Apr-22;11-Apr-22;08-Apr-22
11-Apr-22;12-Apr-22;11-Apr-22
12-Apr-22;13-Apr-22;12-Apr-22
13-Apr-22;14-Apr-22;13-Apr-22
14-Apr-22;19-Apr-22;14-Apr-22
19-Apr-22;20-Apr-22;19-Apr-22
20-Apr-22;21-Apr-22;20-Apr-22
21-Apr-22;22-Apr-22;21-Apr-22
22-Apr-22;25-Apr-22;22-Apr-22
25-Apr-22;26-Apr-22;25-Apr-22
26-Apr-22;28-Apr-22;26-Apr-22
28-Apr-22;29-Apr-22;28-Apr-22
29-Apr-22;03-May-22;29-Apr-22
03-May-22;04-May-22;03-May-22
04-May-22;05-May-22;04-May-22
05-May-22;06-May-22;05-May-22
06-May-22;09-May-22;06-May-22
09-May-22;10-May-22;09-May-22
10-May-22;11-May-22;10-May-22
11-May-22;12-May-22;11-May-22
12-May-22;13-May-22;12-May-22
13-May-22;16-May-22;13-May-22
16-May-22;17-May-22;16-May-22
17-May-22;18-May-22;17-May-22
18-May-22;19-May-22;18-May-22
19-May-22;20-May-22;19-May-22
20-May-22;23-May-22;20-May-22
23-May-22;24-May-22;23-May-22
24-May-22;25-May-22;24-May-22
25-May-22;26-May-22;25-May-22
26-May-22;27-May-22;26-May-22
27-May-22;30-May-22;27-May-22
30-May-22;31-May-22;30-May-22
31-May-22;01-Jun-22;31-May-22
01-Jun-22;02-Jun-22;01-Jun-22
02-Jun-22;03-Jun-22;02-Jun-22
03-Jun-22;06-Jun-22;03-Jun-22
06-Jun-22;07-Jun-22;06-Jun-22
07-Jun-22;08-Jun-22;07-Jun-22
08-Jun-22;09-Jun-22;08-Jun-22
09-Jun-22;10-Jun-22;09-Jun-22
10-Jun-22;13-Jun-22;10-Jun-22
13-Jun-22;14-Jun-22;13-Jun-22
14-Jun-22;15-Jun-22;14-Jun-22
15-Jun-22;17-Jun-22;15-Jun-22
17-Jun-22;20-Jun-22;17-Jun-22
20-Jun-22;21-Jun-22;20-Jun-22
21-Jun-22;22-Jun-22;21-Jun-22
22-Jun-22;23-Jun-22;22-Jun-22
23-Jun-22;24-Jun-22;23-Jun-22
24-Jun-22;27-Jun-22;24-Jun-22
27-Jun-22;28-Jun-22;27-Jun-22
28-Jun-22;29-Jun-22;28-Jun-22
29-Jun-22;30-Jun-22;29-Jun-22
30-Jun-22;01-Jul-22;30-Jun-22
01-Jul-22;04-Jul-22;01-Jul-22
04-Jul-22;05-Jul-22;04-Jul-22
05-Jul-22;06-Jul-22;05-Jul-22
06-Jul-22;07-Jul-22;06-Jul-22
07-Jul-22;08-Jul-22;07-Jul-22
08-Jul-22;11-Jul-22;08-Jul-22
11-Jul-22;12-Jul-22;11-Jul-22
12-Jul-22;13-Jul-22;12-Jul-22
13-Jul-22;14-Jul-22;13-Jul-22
14-Jul-22;15-Jul-22;14-Jul-22
15-Jul-22;18-Jul-22;15-Jul-22
18-Jul-22;19-Jul-22;18-Jul-22
19-Jul-22;20-Jul-22;19-Jul-22
20-Jul-22;21-Jul-22;20-Jul-22
21-Jul-22;22-Jul-22;21-Jul-22
22-Jul-22;25-Jul-22;22-Jul-22
25-Jul-22;26-Jul-22;25-Jul-22
26-Jul-22;27-Jul-22;26-Jul-22
27-Jul-22;28-Jul-22;27-Jul-22
28-Jul-22;29-Jul-22;28-Jul-22
29-Jul-22;01-Aug-22;29-Jul-22
01-Aug-22;02-Aug-22;01-Aug-22
02-Aug-22;03-Aug-22;02-Aug-22
03-Aug-22;04-Aug-22;03-Aug-22
04-Aug-22;05-Aug-22;04-Aug-22
05-Aug-22;08-Aug-22;05-Aug-22
08-Aug-22;10-Aug-22;08-Aug-22
10-Aug-22;11-Aug-22;10-Aug-22
11-Aug-22;12-Aug-22;11-Aug-22
12-Aug-22;15-Aug-22;12-Aug-22
15-Aug-22;16-Aug-22;15-Aug-22
16-Aug-22;17-Aug-22;16-Aug-22
17-Aug-22;18-Aug-22;17-Aug-22
18-Aug-22;19-Aug-22;18-Aug-22
19-Aug-22;22-Aug-22;19-Aug-22
22-Aug-22;23-Aug-22;22-Aug-22
23-Aug-22;24-Aug-22;23-Aug-22
24-Aug-22;25-Aug-22;24-Aug-22
25-Aug-22;26-Aug-22;25-Aug-22
26-Aug-22;29-Aug-22;26-Aug-22
29-Aug-22;30-Aug-22;29-Aug-22
30-Aug-22;31-Aug-22;30-Aug-22
31-Aug-22;01-Sep-22;31-Aug-22
01-Sep-22;02-Sep-22;01-Sep-22
02-Sep-22;05-Sep-22;02-Sep-22
05-Sep-22;06-Sep-22;05-Sep-22
06-Sep-22;07-Sep-22;06-Sep-22
07-Sep-22;08-Sep-22;07-Sep-22
08-Sep-22;09-Sep-22;08-Sep-22
09-Sep-22;12-Sep-22;09-Sep-22
12-Sep-22;13-Sep-22;12-Sep-22
13-Sep-22;14-Sep-22;13-Sep-22
14-Sep-22;15-Sep-22;14-Sep-22
15-Sep-22;16-Sep-22;15-Sep-22
16-Sep-22;19-Sep-22;16-Sep-22
19-Sep-22;20-Sep-22;19-Sep-22
20-Sep-22;21-Sep-22;20-Sep-22
21-Sep-22;22-Sep-22;21-Sep-22
22-Sep-22;23-Sep-22;22-Sep-22
23-Sep-22;26-Sep-22;23-Sep-22
26-Sep-22;27-Sep-22;26-Sep-22
27-Sep-22;28-Sep-22;27-Sep-22
28-Sep-22;29-Sep-22;28-Sep-22
29-Sep-22;30-Sep-22;29-Sep-22
30-Sep-22;03-Oct-22;30-Sep-22
03-Oct-22;04-Oct-22;03-Oct-22
04-Oct-22;05-Oct-22;04-Oct-22
05-Oct-22;06-Oct-22;05-Oct-22
06-Oct-22;07-Oct-22;06-Oct-22
07-Oct-22;10-Oct-22;07-Oct-22
10-Oct-22;11-Oct-22;10-Oct-22
11-Oct-22;12-Oct-22;11-Oct-22
12-Oct-22;13-Oct-22;12-Oct-22
13-Oct-22;14-Oct-22;13-Oct-22
14-Oct-22;17-Oct-22;14-Oct-22
17-Oct-22;18-Oct-22;17-Oct-22
18-Oct-22;19-Oct-22;18-Oct-22
19-Oct-22;20-Oct-22;19-Oct-22
20-Oct-22;21-Oct-22;20-Oct-22
21-Oct-22;24-Oct-22;21-Oct-22
24-Oct-22;25-Oct-22;24-Oct-22
25-Oct-22;26-Oct-22;25-Oct-22
26-Oct-22;27-Oct-22;26-Oct-22
27-Oct-22;28-Oct-22;27-Oct-22
28-Oct-22;31-Oct-22;28-Oct-22
31-Oct-22;01-Nov-22;31-Oct-22
01-Nov-22;02-Nov-22;01-Nov-22
02-Nov-22;03-Nov-22;02-Nov-22
03-Nov-22;04-Nov-22;03-Nov-22
04-Nov-22;07-Nov-22;04-Nov-22
07-Nov-22;08-Nov-22;07-Nov-22
08-Nov-22;09-Nov-22;08-Nov-22
09-Nov-22;10-Nov-22;09-Nov-22
10-Nov-22;11-Nov-22;10-Nov-22
11-Nov-22;14-Nov-22;11-Nov-22
14-Nov-22;15-Nov-22;14-Nov-22
15-Nov-22;16-Nov-22;15-Nov-22
16-Nov-22;17-Nov-22;16-Nov-22
17-Nov-22;18-Nov-22;17-Nov-22
18-Nov-22;21-Nov-22;18-Nov-22
21-Nov-22;22-Nov-22;21-Nov-22
22-Nov-22;23-Nov-22;22-Nov-22
23-Nov-22;24-Nov-22;23-Nov-22
24-Nov-22;25-Nov-22;24-Nov-22
25-Nov-22;28-Nov-22;25-Nov-22
28-Nov-22;29-Nov-22;28-Nov-22
29-Nov-22;30-Nov-22;29-Nov-22
30-Nov-22;01-Dec-22;30-Nov-22
01-Dec-22;02-Dec-22;01-Dec-22
02-Dec-22;05-Dec-22;02-Dec-22
05-Dec-22;06-Dec-22;05-Dec-22
06-Dec-22;07-Dec-22;06-Dec-22
07-Dec-22;08-Dec-22;07-Dec-22
08-Dec-22;09-Dec-22;08-Dec-22
09-Dec-22;12-Dec-22;09-Dec-22
12-Dec-22;13-Dec-22;12-Dec-22
13-Dec-22;14-Dec-22;13-Dec-22
14-Dec-22;15-Dec-22;14-Dec-22
15-Dec-22;19-Dec-22;15-Dec-22
19-Dec-22;20-Dec-22;19-Dec-22
20-Dec-22;21-Dec-22;20-Dec-22
21-Dec-22;22-Dec-22;21-Dec-22
22-Dec-22;23-Dec-22;22-Dec-22
23-Dec-22;27-Dec-22;23-Dec-22
27-Dec-22;28-Dec-22;27-Dec-22
28-Dec-22;29-Dec-22;28-Dec-22
29-Dec-22;30-Dec-22;29-Dec-22
30-Dec-22;03-Jan-23;30-Dec-22
